<?xml version="1.0" encoding="UTF-8" standalone="no"?>
<catalog xmlns="urn:oasis:names:tc:entity:xmlns:xml:catalog" prefer="system">
    <system systemId="http://localhost:8080/Demo-lec8-SOAP/uniApp?wsdl" uri="src/conf/xml-resources/web-service-references/uniApp_3/wsdl/localhost_8080/Demo-lec8-SOAP/uniApp.wsdl"/>
    <system systemId="http://localhost:8080/Demo-lec8-SOAP/uniApp?xsd=1" uri="src/conf/xml-resources/web-service-references/uniApp_3/wsdl/localhost_8080/Demo-lec8-SOAP/uniApp.xsd_1.xsd"/>
    <system systemId="http://localhost:8080/Demo-lec8-SOAP/uniApp?xsd=2" uri="src/conf/xml-resources/web-service-references/uniApp_3/wsdl/localhost_8080/Demo-lec8-SOAP/uniApp.xsd_2.xsd"/>
    <system systemId="http://localhost:8080/Demo-lec8-SOAP/LibraryService?wsdl" uri="src/conf/xml-resources/web-service-references/LibraryService/wsdl/localhost_8080/Demo-lec8-SOAP/LibraryService.wsdl"/>
    <system systemId="http://localhost:8080/Demo-lec8-SOAP/LibraryService?xsd=1" uri="src/conf/xml-resources/web-service-references/LibraryService/wsdl/localhost_8080/Demo-lec8-SOAP/LibraryService.xsd_1.xsd"/>
    <system systemId="http://localhost:8080/Demo-lec8-SOAP/LibraryService?xsd=2" uri="src/conf/xml-resources/web-service-references/LibraryService/wsdl/localhost_8080/Demo-lec8-SOAP/LibraryService.xsd_2.xsd"/>
    <system systemId="http://localhost:8080/Demo-lec8-SOAP/librarySOAP?wsdl" uri="src/conf/xml-resources/web-service-references/librarySOAP/wsdl/localhost_8080/Demo-lec8-SOAP/librarySOAP.wsdl"/>
    <system systemId="http://localhost:8080/Demo-lec8-SOAP/librarySOAP?xsd=1" uri="src/conf/xml-resources/web-service-references/librarySOAP/wsdl/localhost_8080/Demo-lec8-SOAP/librarySOAP.xsd_1.xsd"/>
    <system systemId="http://localhost:8080/Demo-lec8-SOAP/librarySOAP?xsd=2" uri="src/conf/xml-resources/web-service-references/librarySOAP/wsdl/localhost_8080/Demo-lec8-SOAP/librarySOAP.xsd_2.xsd"/>
    <system systemId="http://localhost:8080/Demo-lec8-SOAP/Math?wsdl" uri="src/conf/xml-resources/web-service-references/Math/wsdl/localhost_8080/Demo-lec8-SOAP/Math.wsdl"/>
    <system systemId="http://localhost:8080/Demo-lec8-SOAP/Math?xsd=1" uri="src/conf/xml-resources/web-service-references/Math/wsdl/localhost_8080/Demo-lec8-SOAP/Math.xsd_1.xsd"/>
</catalog>