<?xml version="1.0" encoding="UTF-8"?>
<tutors>
    <tutor>
        <email>Stefan@gmail.com</email>
        <name>Steffen Reuter</name>
        <password>stefreuter123</password>          
        <type>tutor</type>
        <subject>WSD</subject>
        <status>available</status>
        <dob>12/12/1982</dob>
    </tutor>
    <tutor>       
        <email>andreas@hotmail.com</email>
        <name>Andreas Brehme</name>
        <password>earlybird12</password>     
         <type>tutor</type>
        <subject>USP</subject>
        <status>available</status>
        <dob>13/08/1981</dob>
    </tutor>
    <tutor>       
        <email>Jorgen@bloggs.com</email>
        <name>Jorgen Koller</name>
        <password>foodlover88</password>     
         <type>tutor</type>
        <subject>SEP</subject>
        <status>available</status>
        <dob>13/03/1980</dob>
    </tutor>
    <tutor>       
        <email>hassler@bloggs.com</email>
        <name>Thomas Hassler</name>
        <password>football22</password>     
         <type>tutor</type>
        <subject>USP</subject>
        <status>available</status>
        <dob>23/03/1980</dob>
    </tutor>
    <tutor>       
        <email>voller@uts.com</email>
        <name>Ruddy Voller</name>
        <password>mastertec99</password>     
         <type>tutor</type>
        <subject>AppProg</subject>
        <status>available</status>
        <dob>10/10/1987</dob>
    </tutor>
</tutors>
