<?xml version="1.0" encoding="UTF-8"?>
<users>
    <user>
        <email>ryan@ryanheise.com</email>
        <name>Ryan Heise</name>
        <password>blahblah</password>
        <gender>male</gender>
        <favouriteColour>green</favouriteColour>
    </user>
    <user>
        <email>joe@bloggs.com</email>
        <name>Joe Bloggs</name>
        <password>foobar</password>
        <gender>male</gender>
        <favouriteColour>yellow</favouriteColour>
    </user>
    <user>
        <email>georges.boughantous@gmail.com</email>
        <name>Georges Bou Ghantous</name>
        <password>darkside666</password>
        <gender>male</gender>
        <favouriteColour>blue</favouriteColour>
    </user>
</users>