<?xml version="1.0" encoding="UTF-8"?><!--
        *** GENERATED FROM jax-ws.xml - DO NOT EDIT !                             ***
        *** TO MODIFY wsimport options USE Web Service node -> Edit WS Attributes ***
        *** TO CHANGE TARGETS GENERATED TO jaxws-build.xml COPY THOSE             ***
        *** TARGETS TO ../build.xml AND MODIFY THAT FILE INSTEAD                  ***

        --><project xmlns:xalan="http://xml.apache.org/xslt" xmlns:webproject2="http://www.netbeans.org/ns/web-project/2" xmlns:jaxws="http://www.netbeans.org/ns/jax-ws/1">
    <!--
                ===================
                JAX-WS WSGEN SECTION
                ===================
            -->
    <target name="wsgen-init" depends="init, -do-compile">
        <mkdir dir="${build.generated.sources.dir}/jax-ws/resources/"/>
        <mkdir dir="${build.classes.dir}"/>
        <mkdir dir="${build.classes.dir}/META-INF"/>
        <property name="j2ee.platform.wsgen.classpath" value="${libs.jaxws21.classpath}"/>
        <taskdef name="wsgen" classname="com.sun.tools.ws.ant.WsGen">
            <classpath path="${java.home}/../lib/tools.jar:${build.classes.dir}:${j2ee.platform.wsgen.classpath}:${javac.classpath}"/>
        </taskdef>
    </target>
    <target name="wsgen-LibrarySOAP" depends="wsgen-init">
        <copy todir="${build.classes.dir}/META-INF">
            <fileset dir="${webinf.dir}" includes="wsit-uts.wsd.soap.LibrarySOAP.xml"/>
        </copy>
        <wsgen sourcedestdir="${build.generated.sources.dir}/jax-ws" resourcedestdir="${build.generated.sources.dir}/jax-ws/resources/" destdir="${build.generated.sources.dir}/jax-ws" verbose="true" keep="true" genwsdl="true" sei="uts.wsd.soap.LibrarySOAP" xendorsed="true">
            <classpath path="${java.home}/../lib/tools.jar:${build.classes.dir}:${j2ee.platform.wsgen.classpath}:${javac.classpath}"/>
        </wsgen>
    </target>
    <target name="wsgen-Math" depends="wsgen-init">
        <copy todir="${build.classes.dir}/META-INF">
            <fileset dir="${webinf.dir}" includes="wsit-uts.wsd.soap.Math.xml"/>
        </copy>
        <wsgen sourcedestdir="${build.generated.sources.dir}/jax-ws" resourcedestdir="${build.generated.sources.dir}/jax-ws/resources/" destdir="${build.generated.sources.dir}/jax-ws" verbose="true" keep="true" genwsdl="true" sei="uts.wsd.soap.Math" xendorsed="true">
            <classpath path="${java.home}/../lib/tools.jar:${build.classes.dir}:${j2ee.platform.wsgen.classpath}:${javac.classpath}"/>
        </wsgen>
    </target>
    <!--
                ===================
                JAX-WS WSIMPORT SECTION
                ===================
            -->
    <target name="wsimport-init" depends="init">
        <fail if="${wsimport.bad.version}" message="WsImport ant task defined in the classpath ${j2ee.platform.wsimport.classpath} has a serious bug. See http://wiki.netbeans.org/MetroIssue for details."/>
        <mkdir dir="${build.generated.sources.dir}/jax-ws"/>
        <property name="j2ee.platform.wsimport.classpath" value="${libs.jaxws21.classpath}"/>
        <taskdef name="wsimport" classname="com.sun.tools.ws.ant.WsImport">
            <classpath path="${java.home}/../lib/tools.jar:${j2ee.platform.wsimport.classpath}:${javac.classpath}"/>
        </taskdef>
        <condition property="conf-dir" value="${conf.dir}/" else="">
            <isset property="conf.dir"/>
        </condition>
    </target>
    <target name="wsimport-client-LibraryService" depends="wsimport-init">
        <mkdir dir="${build.generated.dir}/jax-wsCache/LibraryService"/>
        <wsimport sourcedestdir="${build.generated.dir}/jax-wsCache/LibraryService" destdir="${build.generated.dir}/jax-wsCache/LibraryService" wsdl="${basedir}/${conf-dir}xml-resources/web-service-references/LibraryService/wsdl/localhost_8080/Demo-lec8-SOAP/LibraryService.wsdl" catalog="catalog.xml" encoding="${source.encoding}" extension="true" verbose="true" fork="false" wsdlLocation="http://localhost:8080/Demo-lec8-SOAP/LibraryService?wsdl" xnocompile="true" xendorsed="true" package="uts.wsd.soap.client">
            <depends file="${basedir}/${conf-dir}xml-resources/web-service-references/LibraryService/wsdl/localhost_8080/Demo-lec8-SOAP/LibraryService.wsdl"/>
            <produces dir="${build.generated.dir}/jax-wsCache/LibraryService"/>
        </wsimport>
        <copy todir="${build.generated.sources.dir}/jax-ws">
            <fileset dir="${build.generated.dir}/jax-wsCache/LibraryService">
                <include name="**/*.java"/>
            </fileset>
        </copy>
    </target>
    <target name="wsimport-client-clean-LibraryService" depends="-init-project">
        <delete dir="${build.generated.sources.dir}/jax-ws/uts/wsd/soap/client"/>
        <delete dir="${build.generated.dir}/jax-wsCache/LibraryService"/>
    </target>
    <target name="wsimport-client-librarySOAP" depends="wsimport-init">
        <mkdir dir="${build.generated.dir}/jax-wsCache/librarySOAP"/>
        <wsimport sourcedestdir="${build.generated.dir}/jax-wsCache/librarySOAP" destdir="${build.generated.dir}/jax-wsCache/librarySOAP" wsdl="${basedir}/${conf-dir}xml-resources/web-service-references/librarySOAP/wsdl/localhost_8080/Demo-lec8-SOAP/librarySOAP.wsdl" catalog="catalog.xml" encoding="${source.encoding}" extension="true" verbose="true" fork="false" wsdlLocation="http://localhost:8080/Demo-lec8-SOAP/librarySOAP?wsdl" xnocompile="true" xendorsed="true" package="uts.wsd.soap.client">
            <depends file="${basedir}/${conf-dir}xml-resources/web-service-references/librarySOAP/wsdl/localhost_8080/Demo-lec8-SOAP/librarySOAP.wsdl"/>
            <produces dir="${build.generated.dir}/jax-wsCache/librarySOAP"/>
        </wsimport>
        <copy todir="${build.generated.sources.dir}/jax-ws">
            <fileset dir="${build.generated.dir}/jax-wsCache/librarySOAP">
                <include name="**/*.java"/>
            </fileset>
        </copy>
    </target>
    <target name="wsimport-client-clean-librarySOAP" depends="-init-project">
        <delete dir="${build.generated.sources.dir}/jax-ws/uts/wsd/soap/client"/>
        <delete dir="${build.generated.dir}/jax-wsCache/librarySOAP"/>
    </target>
    <target name="wsimport-client-Math" depends="wsimport-init">
        <mkdir dir="${build.generated.dir}/jax-wsCache/Math"/>
        <wsimport sourcedestdir="${build.generated.dir}/jax-wsCache/Math" destdir="${build.generated.dir}/jax-wsCache/Math" wsdl="${basedir}/${conf-dir}xml-resources/web-service-references/Math/wsdl/localhost_8080/Demo-lec8-SOAP/Math.wsdl" catalog="catalog.xml" encoding="${source.encoding}" extension="true" verbose="true" fork="false" wsdlLocation="http://localhost:8080/Demo-lec8-SOAP/Math?wsdl" xnocompile="true" xendorsed="true" package="uts.wsd.soap.client">
            <depends file="${basedir}/${conf-dir}xml-resources/web-service-references/Math/wsdl/localhost_8080/Demo-lec8-SOAP/Math.wsdl"/>
            <produces dir="${build.generated.dir}/jax-wsCache/Math"/>
        </wsimport>
        <copy todir="${build.generated.sources.dir}/jax-ws">
            <fileset dir="${build.generated.dir}/jax-wsCache/Math">
                <include name="**/*.java"/>
            </fileset>
        </copy>
    </target>
    <target name="wsimport-client-clean-Math" depends="-init-project">
        <delete dir="${build.generated.sources.dir}/jax-ws/uts/wsd/soap/client"/>
        <delete dir="${build.generated.dir}/jax-wsCache/Math"/>
    </target>
    <target name="wsimport-client-generate" depends="wsimport-client-LibraryService, wsimport-client-librarySOAP, wsimport-client-Math"/>
</project>
