<html>
<head>
<META http-equiv="Content-Type" content="text/html; charset=UTF-8">
<style>
				table{
				border-collapse:collapse;
				width:50%;
				}
				th, td{
				padding:8px;
				text-align:left;
				}
				th{
				background-color: green;
				color: white;
				font-weight:bold;
				}
				h1, p{
				background-color: cyan;
				font-weight:bold;
				width:50%
				}
				tr:nth-child(even){background-color:#ccccff;}
				tr:nth-child(odd){background-color:#ffcccf;}
				</style>
</head>
<body>
	
<h1>Movie Land<img src="cdlogo.gif" width="20"></h1>
	
<table>
<thead>
<tr>
<th>Movie</th><th>CD Set</th><th>Price</th><th>Rating</th>
</tr>
</thead>
<tbody>
		
<tr>
<td>The Lord of the Rings</td><td>3</td><td>$36.90</td><td>
<div style="width:100px;background:white;height:12px">
<div style="width:90px;background:#00ff00;height:12px;"></div>
</div>
</td>
</tr>
		
<tr>
<td>Mad Max</td><td>4</td><td>$26.50</td><td>
<div style="width:100px;background:white;height:12px">
<div style="width:60px;background:#00ff00;height:12px;"></div>
</div>
</td>
</tr>
		
<tr>
<td>The Avengers</td><td>2</td><td>$32.00</td><td>
<div style="width:100px;background:white;height:12px">
<div style="width:70px;background:#00ff00;height:12px;"></div>
</div>
</td>
</tr>
		
<tr>
<td>American Pie</td><td>8</td><td>$102.00</td><td>
<div style="width:100px;background:white;height:12px">
<div style="width:80px;background:#00ff00;height:12px;"></div>
</div>
</td>
</tr>
		
<tr>
<td>Divergent</td><td>3</td><td>$32.50</td><td>
<div style="width:100px;background:white;height:12px">
<div style="width:50px;background:#00ff00;height:12px;"></div>
</div>
</td>
</tr>
	
</tbody>
</table>

<p>Total  Movie Sets: 5</p>
<p>Average Set Price: $45.980000000000004</p>
</body>
</html>
