<?xml version="1.0" encoding="UTF-8"?>
<?xml-stylesheet type="text/xsl" href="movies.xsl"?>
<shop>
	<name>Movie Land</name>
	<movies>
		<movie>
			<title>The Lord of the Rings</title>
			<cdset>3</cdset>
			<price>36.90</price>
			<rating>9</rating>
		</movie>
		<movie>
			<title>Mad Max</title>
			<cdset>4</cdset>
			<price>26.50</price>
			<rating>6</rating>
		</movie>
		<movie>
			<title>The Avengers</title>
			<cdset>2</cdset>
			<price>32.00</price>
			<rating>7</rating>
		</movie>
		<movie>
			<title>American Pie</title>
			<cdset>8</cdset>
			<price>102.00</price>
			<rating>8</rating>
		</movie>
		<movie>
			<title>Divergent</title>
			<cdset>3</cdset>
			<price>32.50</price>
			<rating>5</rating>
		</movie>
	</movies>
</shop>
