<?xml version="1.0" encoding="UTF-8" standalone="no"?>
<catalog xmlns="urn:oasis:names:tc:entity:xmlns:xml:catalog" prefer="system">
    <system systemId="https://george_nb:8181/testrest/MYWebService?wsdl" uri="src/conf/xml-resources/web-service-references/MYWebService/wsdl/george_nb_8181/testrest/MYWebService.wsdl"/>
    <system systemId="https://george_nb:8181/testrest/MYWebService?xsd=1" uri="src/conf/xml-resources/web-service-references/MYWebService/wsdl/george_nb_8181/testrest/MYWebService.xsd_1.xsd"/>
    <system systemId="https://george_nb:8181/testrest/CalculatorService?wsdl" uri="src/conf/xml-resources/web-service-references/CalculatorService/wsdl/george_nb_8181/testrest/CalculatorService.wsdl"/>
    <system systemId="https://george_nb:8181/testrest/CalculatorService?xsd=1" uri="src/conf/xml-resources/web-service-references/CalculatorService/wsdl/george_nb_8181/testrest/CalculatorService.xsd_1.xsd"/>
    <system systemId="http://george_nb:8080/testrest/CalculatorService?wsdl" uri="src/conf/xml-resources/web-service-references/CalculatorService_3/wsdl/george_nb_8080/testrest/CalculatorService.wsdl"/>
    <system systemId="http://george_nb:8080/testrest/CalculatorService?xsd=1" uri="src/conf/xml-resources/web-service-references/CalculatorService_3/wsdl/george_nb_8080/testrest/CalculatorService.xsd_1.xsd"/>
    <system systemId="http://localhost:8080/soaprest/CalculatorService?wsdl" uri="src/conf/xml-resources/web-service-references/CalculatorService_1/wsdl/localhost_8080/soaprest/CalculatorService.wsdl"/>
    <system systemId="http://localhost:8080/soaprest/CalculatorService?xsd=1" uri="src/conf/xml-resources/web-service-references/CalculatorService_1/wsdl/localhost_8080/soaprest/CalculatorService.xsd_1.xsd"/>
</catalog>