[
  {
    "line": 1,
    "elements": [
      {
        "line": 3,
        "name": "Test register button exist",
        "description": "",
        "id": "test-open-mave-app-heroku-url;test-register-button-exist",
        "type": "scenario",
        "keyword": "Scenario",
        "steps": [
          {
            "result": {
              "status": "undefined"
            },
            "line": 4,
            "name": "Open Chrome browser",
            "match": {},
            "keyword": "Given "
          },
          {
            "result": {
              "status": "undefined"
            },
            "line": 5,
            "name": "Start Maven-App-Heroku",
            "match": {},
            "keyword": "When "
          },
          {
            "result": {
              "status": "undefined"
            },
            "line": 6,
            "name": "Register Button exist",
            "match": {},
            "keyword": "Then "
          }
        ]
      }
    ],
    "name": "Test open mave-app-heroku URL",
    "description": "",
    "id": "test-open-mave-app-heroku-url",
    "keyword": "Feature",
    "uri": "myApp.feature"
  }
]